{"cameraMode":{"drawMode":0,"name":"Shaded","section":"Shading Mode"},"sceneLighting":true,"audioPlay":false,"sceneViewState":{"m_AlwaysRefresh":false,"showFog":false,"showSkybox":false,"showFlares":false,"showImageEffects":false,"showParticleSystems":false,"showVisualEffectGraphs":true,"m_FxEnabled":false},"in2DMode":false,"pivot":{"x":0.030827999114990236,"y":1.4783142805099488,"z":-0.0004000663757324219},"rotation":{"x":0.1149449273943901,"y":0.44204244017601015,"z":-0.05711260437965393,"w":0.8876471519470215},"size":4.9296393394470219,"orthographic":false}