{"cameraMode":{"drawMode":0,"name":"Shaded","section":"Shading Mode"},"sceneLighting":true,"audioPlay":false,"sceneViewState":{"m_AlwaysRefresh":false,"showFog":false,"showSkybox":false,"showFlares":false,"showImageEffects":false,"showParticleSystems":false,"showVisualEffectGraphs":true,"m_FxEnabled":false},"in2DMode":false,"pivot":{"x":0.00036559696309268475,"y":1.2131518125534058,"z":-2.4893734455108644},"rotation":{"x":0.023572737351059915,"y":0.4761332869529724,"z":-0.012573149055242539,"w":0.8788936138153076},"size":0.8660253882408142,"orthographic":false}